Name,Sequence
HL0-0,GGGAACCCCCCUUCGGGGGGUCACCUCGCGCAGCGGGCUACGCGAGGGAGCCACGCUGCGAAGCAGCGUGGCGGUUCUCGUGCGUCACCGAAACGCACGAAGGUCGCGCCUCUUCACGAGGCGUCACCUGGGAGAGCGCGAAAGCGCUAGCCCGUGCUCUAGCUCUAGAAGGUCUCGAGAUCUCCUCUAGAGAUAAUUUUGUUUAACUCUAAGAAGGAGAUAUACACAUGCCUAAGACAGCAUCUUCGCGUAACUCUCUCAGCGCACAAUUGCGCCGAGCCGCGAACACAAGAAUUGAGGCUGAAGGUAACCUCGCACUUUCCAUUGCCAACGAUUUACUGUUGGCCUAUGGUCAGUCGCCAUUUAACUCUGAGGCUGAGUGUAUUUCAUUCAGCCCGAGAUUCGACGGGACCCCGGAUGACUUUAGGAUAAAUUAUCUUAAAGCCGAGAUCAUGUCGAAGUAUGACGACUUCAGCCUAGGUAUUGAUACCGAAGCUGUUGCCUGGGAGAAGUUCCUGGCAGCAGAGGCUGAAUGUGCUUUAACGAACGCUCGUCUCUAUAGGCCUGACUACAGUGAGGAUUUCAAUUUCUCACUGGGCGAGUCAUGUAUACACAUGGCUCGUAGAAAAAUAGCCAAGCUAAUAGGAGAUGUUCCGUCCGUUGAGGAUAUGUUGCGUCACUGCCGAUUUUCUGGCGGUGCUACAACAACGAAUAACCGUUCGUACAGUCAUCCGUCCUUCAAGUUUGCACUUCCGCAAGCGUGUACGCCUCGGGCUUUGAAGUAUGUUUUAGCUCUCAGAGCUUCUACACAUUUCGAUAUCAGAAUUUCUGAUAUUAGCCCUUUUAAUAAAGCAGUUACCGUACCUAAGAACAGUAAGACAGAUCGUUGUAUUGCUAUCGAACCUGGUUGGAAUAUGUUUUUCCAACUGGGUAUCGGUGGCAUUCUACGCGAUCGGUUGCGUUGCUGGGGUAUCGAUCUGAAUGAUCAGACGAUAAAUCAGCGCCGCGCUCACGAAGGCUCCGUUACUAAUAACUUAGCAACGGUUGAUCUCUCAGCGGCAAGCGAUUCUAUGUCUCUUGCCCUCUGUGAGCUCUUAUUGCCCCGAGGCUGGUUUGAGGUUCUUAUGGACCUCAGAUCACCUAAGGGGCGAUUGCCUGACGGUAGUGUUGUUACCUACGAGAAGAUUUCUUCUAUGGGUAACGGUUACACAUUCGAGCUCGAGUCGCUUAUUUUUGCUUCUCUCGCUCGUUCCGUUUGUGAGAUACUGGACUUAGACUCGUCUGAGGUCACUGUUUACGGAGACGAUAUUAUUUUACCGUCCCGUGCAGUCCCUGCCCUCCGGGAAGUUUUUAAGUAUGUUGGUUUUACGACCAAUACUAAAAAGACUUUUUCCGAGGGGCCGUUCAGAGAGUCGUGCGGCAAGCACUACUAUUCUGGCGUAGAUGUUACUCCCUUUUACAUACGUCACCGUAUAGUGAGUCCUGCCGAUUUAAUACUGGUUUUGAAUAACCUAUAUCGGUGGGCCACUAUUGACGGCGUAUGGGAUCCUAGGGCCCAUUCUGUGUACCUCAAGUAUCGUAAGUUGCUGCCUAAACAGCUGCAACAUAAUACUAUACCUGACGGUUACGGUGAUGGUGCCCUCGUCGGAUCGGUCCUAAUCAAUCCUUUCGCGAAAAACCGCGGGUGGAUCCGGUACGUACCGGUGAUUACGGACCAUACAAGGGACCAAGAGCGCGCUGAGUUGGGGUCGUAUCUCUACGACCUCUUCUCGCGUUGUCUCUCGGAAAGUAACGAUGGGUUGCCUCUUAGGGGUCCAUCGGGUUGCGAUUUUGCUGAUCUAUUUGCCAUCGAUCAGCUUAUCUGUAGGAGUGAUCCUACGAAGAUAAGCAGGCCUACCGGUAAAUUCGAUAUACAGUACAUCGCGUGCUGUUGUUCGGGUUGUUGUUAGGCUUGCGGCCGCACUCGAGAGAUCUAGAGCAUCACGGUCGAACUCCCGUACGAGGUGCCCGCACCUCGUCCCCCCCUUCCGGGGGGGUCCCC
HL1-120,GGGAACCCCCCUUCGGGGGGUCACCUCGCGCAGCGGGCUACGCGAGGGGGCCGCGCUGCGAAGCAGCGUGGCGGUUCACGUGCGUUACCGAAACGCACGAAGGUCGCGCCUCUCCGCGAGGCGUCACCUGGGAGAGCGCGAAAGCGCUAGCCCGUGCUCUAGCUCUAGAAGGUCUCGAGAUCUCCUCUAGAGAUAAUUUUGUUUAACUCUAAGAAGGAGAUAUGCACAUGCCUAAGACAGCAUCUUCGCGUAACUCUCUCAGCGCACAAUUGCGCCGAGCCGCGAACACAAGAAUUGAGGCUGAAGGUAACCUCGCACUUUCCAUUGCCAACGAUUUACUGUUGGCCUAUGGUCAGUCGCCAUUUAACUCUGAGGCUGAGUGUAUUUCAUUCAGCCCGAGAUUCGACGGGACCCCGGAUGACUUUAGGAUAAAUUAUCUUAAAGCCGAGAUCAUGUCGAAGUAUGACGACUUCAGCCUAGGUAUUGAUACCGAAGCUGUUGCCUGGGAGAAGUUCCUGGCAGCAGAGGCUGAAUGUGCUUUAACGAACGCUCGUCUCUAUAGGCCUGACUACAGUGAGGAUUUCAAUUUCUCACUGGGCGAGUCAUGUAUACACAUGGCUCGUGGAAAAAUAGCCAAGCUAAUAGGAGAUGUUCCGUCCGUUGAGGAUAUGUUGCGUCACUGCCGAUUUUCUGGCGGUGCUACAACAACGAAUAACCGUUCGUACAGUCAUCCGUCCUUCAAGUUUGCGCUUCCGCAAGCGUGUACGCCUCGGGCUUUGAAGUAUGUUUUAGCUCUCAGAGCUUCUACACAUUUCGAUAUCAGAAUUUCUGAUAUUAGCCCUUUUAAUGAAGCAGUUACCGUACCUAAGAACAGUAAGACAGAUCGUUGUAUUGCUAUCGAACCUGGUUGGAAUAUGUUUUUCCAACUGGGUAUCGGUGGCAUUCUACGCGAUCGGUUGCGUUGCUGGGGUAUCGAUCUGAAUGAUCAGACGAUAAAUCAGCGCCGCGCUCACGAAGGCUCCGUUACUAAUAACUUAGCAACGGUUGAUCUCUCAGCGGCAAGCGAUUCUAUGUCUCUUGCCCUCUGUGAGCUCUUAUUGCCCCGAGGCUGGUUUGAGGUUCUUAUGGACCUCAGAUCACCUAAGGGGCGAUUGCCUGACGGUAGUGUUGUUACCUACGAGAAGAUUUCUUCUAUGGGUAACGGUUACACAUUCGAGCUCGAGUCGCUUAUUUUUGCUUCUCUCGCUCGUUCCGUUUGUGAGAUACUGGACUUAGACCCGUCUGAGGUCACUGUUUACGGAGACGAUAUUAUUUUACCGUCCCGUGCAGUCCCUGCCCUCCGGGAAGUUUUUAAGUAUGUUGGUUUUACGACCAAUACUAAAAAGACUUUUUCCGAGGGGCCGUUCAGAGAGUCGUGCGGCAAGCACUACUAUUCUGGCGUAGAUGUUACUCCCUUUUACAUACGUCACCGUAUAGUGAGUCCUGCCGAUUUAAUACUGGUUUUGAAUAACCUAUAUCGGUGGGCCACUAUUGACGGCGUAUGGGAUCCUAGGGCCCAUUCUGUGUACCGCAAGUAUCGUAAGUUGCUGCCUGAACAGCUGCGACGUAAUACUAUACCUGACGGUUACGGUGAUGGUGCCCUCGUCGGAUCGGUCCUAAUCAAUCCUUUCGCGAAAAACCGCGGGUGGAUCCGGUACGUACCGGUGAUUACGGACCAUACAAGGGACCAAGAGCGUGCUGAGUUGGGGUCGUAUCUCUACGACCUCUUCUCGCGUUGUCUCUCGGAAAGUAACGAUGGGUUGCCUCUUAUGGGUCCAUCGGGUUGCGAUUUUGCUGAUCUAUUUGCCAUCGAUCAGCUUAUCUGUAGGAGUGAUCCUACGAAGAUAAGCAGGCCUACCGGUAAAUUCGAUAUACAGUACAUCGCGUGCUGUUGUUCGGGUUGUUGUUAGGCUUGCGGCCGCACUCGAGAGAUCUAGAGCAUCACGGUCGAACUCCCGUACGAGGUGCCCGCACCUCGUCCCCCCCUUCCGGGGGGGUCCCC
HL1-158,GGGAACCCCCCUUCGGGGGGUCACCUCGCGCAGCGGGCUACGCGAGGGGGCCGCGCUGCGAAGCAGCGUGGCGGUUCACGUGCGUUACCGAAACGCACGAAGGUCGCGCCUCUCCGCGAGGCGUCACCUGGGAGAGCGCGAAAGCGCUAGCCCGUGCUUUAGCUCUAGAAGGUCUCGAGAUCUCCUCUAGAGAUAAUUUUGUUUAACUCUAAGAAGGAGAUAUGCACAUGCCUAAGACAGCAUCUUCGCGUAACUCUCUCAGCGCACAAUUGCGCCGAGCCGCGAACACAAGAAUUGAGGCUGAAGGUAACCUCGCACUUUCCAUUGCCAACGAUUUACUGUUGGCCUAUGGUCAGUCGCCAUUUAACUCUGAGGCUGAGUGUAUUUCAUUCAGCCCGAGAUUCGACGGGACCCCGGAUGACUUUAGGAUAAAUUAUCUUAAAGCCGAGAUCAUGUCGAAGUAUGACGACUUCAGCCUAGGUAUUGAUACCGAAGCUGUUGCCUGGGAGAAGUUCCUGGCAGCAGAGGCUGAAUGUGCUUUAACGAACGCUCGUCUCUAUAGGCCUGACUACAGUGAGGAUUUCAAUUUCUCACUGGGCGAGUCAUGUAUACACAUGGCUCGUGGAAAAAUAGCCAAGCUAAUAGGAGAUGUUCCGUCCGUUGAGGAUAUGUUGCGUCACUGCCGAUUUUCUGGCGGUGCUACAACAACGAAUAACCGUUCGUACAGUCAUCCGUCCUUCAAGUUUGCGUUUCCGCAAGCGUGUACGCCUCGGGCUUUGAAGUAUGUUUUAGCUCUCAGAGCUUCUACACAUUUCGAUAUCAGAAUUUCUGAUAUUAGCCCUUUUAAUGAAGCAGUUACCGUACCUAAGAACAGUAAGACAGAUCGUUGUAUUGCUAUCGAACCUGGUUGGAAUAUGUUUUUCCAACUGGGUAUCGGUGGCAUUCUACGCGAUCGGUUGCGUUGCUGGGGUAUCGAUCUGAAUGAUCAGACGAUAAAUCAGCGCCGCGCUCACGAAGGCUCCGUUACUAAUAACUUAGCAACGGUUGAUCUCUCAGCGGCAAGCGAUUCUAUGUCUCUUGCCCUCUGUGAGCUCUUAUUGCCCCGAGGCUGGUUUGAGGUUCUUACGGACCUCAGAUCACCUAAGGGGCGAUUGCCUGACGGUAGUGUUGUUACCUACGAGAAGAUUUCUUCUAUGGGUAACGGUUACACAUUCGAGCUCGAGUCGCUUAUUUUUGCUUCUCUCGCUCGUUCCGUUUGUGAGAUACUGGACUUAGACCCGUCUGAGGUCACUGUUUACGGAGACGAUAUUAUUUUACCGUCCCGUGCAGUCCCUGCCCUCCGGGAAGUUUUUAAGUAUGUUGGUUUUACGACCAAUACUAAAAAGACUUUUUCCGAGGGGCCGUUCAGAGAGUCGUGCGGCAAGCACUACUAUUCUGGCGUAGAUGUUACUCCCUUUUACAUACGUCACCGUAUAGUGAGUCCUGCCGAUUUAAUACUGGUUUUGAAUAACCUAUAUCGGUGGGCCACUAUUGACGGCGUAUGGGAUCCUAGGGCCCAUUCUGUGUACCGCAAGUAUCGUAAGUUGCUGCCUGAACAGCUGCGACGUAAUACUAUACCUGACGGUUACGGUGAUGGUGCCCUCGUCGGAUCGGUCCUAAUCAAUCCUUUCGCGAAAAACCGCGGGUGGAUCCGGUACGUACCGGUGAUUACGGACCGUACAAGGGACCAAGAGCGUGCUGAGUUGGGGUCGUAUCUCUACGACCUCUUCUCGCGUUGUCUCUCGGAAAGUAACGAUGGGUUGCCUCUUAUGGGUCCAUCGGGUUGCGAUUUUGCUGAUCUAUUUGCCAUCGAUCAGCUUAUCUGUAGGAGUGAUCCUACGAAGAUAAGCAGGCCUACCGGUAAAUUCGAUAUACAGUACAUCGCGUGCUGUUGUUCGGGUUGUUGUUAGGCUUGCGGCCGCACUCGAGAGAUCUAGAGCUUCACGGUCGAACUCCCGUACGAGGUGCCCGCACCUCGUCCCCCCCUUCCGGGGGGGUCCCC
HL1-228,GGGAACCCCCCUUCGGGGGGUCACCUCGCGCAGCGGGCUACGCGAGGGGGCCGCGCUGCGAAGCAGCGUGGCGGUUCACGUGCGUUACCGAAACGCACGAAGGUCGCGCCUCUCCGCGAGGCGUCACCUGGGAGAGCGCGAAAGCGCUAGCCCGUGCUUUAGCUCUAGAAGGUCUCGAGAUCUCCCCUAGAGAUAAUUUUGUUUAACUCUAAGAAGGAGAUAUGCACAUGCCUAAGACAGCAUCUCCGCGUAACUCUCUCAGCGCACAAUUGCGCCGAGCCGCGAACACAAGAAUUGAGGCUGAAGGUAACCUCGCACUUUCCAUUGCCAACGAUUUACUGUUGGCCUAUGGUCAGUCGCCAUUUAACUCUGAGGCUGAGUGUAUUUCAUUCAGCCCGAGAUUCGACGGGACCCCGGAUGACUUUAGGAUAAAUUAUCUUAAAGCCGAGAUCAUGUCGAAGUAUGACGACUUCAGCCUAGGUAUUGAUACCAAAGCUGUUGCCUGGGAGAAGUUCCUGGCAGCAGAGGCUGAAUGUGCUUUAACGAACGCUCGUCUCUAUAGGCCUGACUACAGUGAGGAUUUCAAUUUCUCACUGGGCGAGUCAUGUAUGGACAUGGCUCGUGGAAAAAUAGCCAAGCUAAUAGGAGAUGUUCCGUCCGUUGAGGAUAUGUUGCGUCACUGCCGAUUUUCUGGCGGUGCUACAACAACGAAUAACCGUUCGUACAGUCAUCCGUCCUUCAAGUUUGCGUUUCCGCAGGCGUGUACGCCUCGGGCUUUGAAGUAUGUUUUAGCUCUCAGAGCUUCUACACAUUUCGAUAUCAGAAUUUCUGAUAUUAGCCCUUUUAAUGAAGCAGUUACCGUACCUAAGAACAGUAAGACAGAUCGUUGUAUUGCUAUCGAACCUGGUUGGAAUAUGUUUUUCCAACUGGGUAUCGGUGGCAUCCUACGCGAUCGGUUGCGUUGCUGGGGUAUCGAUCUGAAUGAUCAGACGAUAAAUCAGCGCCGCGCUCACGAAGGCUCCAUUACUAAUAACUUAGCAACGGUUGAUCUCUCAGCGGCAAGCGAUUCUAUGUCUCUUGCCCUCUGUGAGCUCUUAUUGCCCCGAGGCUGGUUUGAGGUUCUUACGGACCUCAGAUCACCUAAGGGGCGAUUGCCUGACGGUAGUGUUGUUACCUACGAGAAGAUUUCUUCUAUGGGUAACGGUUACACAUUCGAGCUCGAGUCGCUUGUUUUUGCUUCUCUCGCUCGUUCCGUUUGUGAGAUACUGGACUUAGACCCGUCUGAGGUCACUGUUUACGGAGACGAUAUUAUUUUACCGUCCCGUGCAGUCCCUGCCCUCCGGGAAGUUUUUAAGUAUGUUGGUUUUACGACCAAUACUAAAAAGACUUUUUCCGAGGGGCCGUUCAGAGAGUCGUGCGGCAAGCACUACUAUUCUGGCGUAGAUGUUACUCCCUUUUACAUACGUCACCGUAUAGUGAGUCCUGCCGAUUUAAUACUGGUUUUGAAUAACCUAUAUCGGUGGGCCACUAUUGACGGCGUAUGGGAUCCUAGGGCCCAUUCUGUGUACCGCAAGUAUCGUAAGUUGCUGCCUGAACAGCUGCGACGUAAUACGAUACCUGACGGUUACGGUGAUGGCGCCCUCGUCGGAUCGGUCCUAAUCAAUCCUUUCGCGAAAAACCGCGGGUGGAUCCGGUACGUACCGGUGAUUACGGACCGUACAAGGGACCAAGAGCGUGCUGAGUUGGGGUCGUAUCUCUACGACCUCUUCUCGCGUUGUCUCUCGGAAAGUAACGAUGGGUUGCCUCUUAUGGGUCCAUCGGGUUGCGAUUCUGCUGAUCUAUUUGCCAUCGAUCAGCUUAUCUGUAGGAGUGAUCCUACGAAGAUAAGCAGGCCUACCGGUAAAUUCGAUAUACAGUACAUCGCGUGCUGUUGUUCGGGUUGUUGUUAGGCUUGCGGCCGCACUCGAGAGCUCUAGAGCUUCACGGUCGAACUCCCGUACGAGGUGCCCGCACCUCGUCCCCCCCUUCCGGGGGGGUCCCC
HL2-120,GGGAACCCCCCUUCGGGGGGUCACCUCGCGCAGCGGGCUACGCGAGGGAGCCACGCUGCGAAGCAGCGUGGUGGUUCUCGUGCGUUACCGAAACGCACGAAGGUCGCGCCUCUCCACGAGGCGUCACCAUGGGAGAGCGCAAAAGCGCUAGCCCGUGCUCUAGCUCUAGAAGGUCUCGAGAUCUCCUCUAGAGAUAAUUUUGUUUAACUCUAAGAAGGAGAUAUACACAUGCCUAAGACAGCAUCUUCGCGUAACUCUUUCAGCGCACAAUUGCGCCGAGCCGCGAACACAAGAAUUGAGGCUGAAGGUAACCUCGCACUUUCCAUUGCCAACGAUUUACUGUUGGCCUAUGGUCAGUCGCCAUUUAACUCUGAGGCUGAGUGUAUUUCAUUCAGCCCGAGAUUCGACGGGACCCCGGAUGACUUUAGGAUAAAUUAUCUUAAAGCCGAGAUCAUGUCGAAGUAUGACGACUUCAGCCUAGGUAUUGAUACCGAAGCUGCUGCCUGGGAGAAGUUCCUGGCAGCAGAGGCUGAAUGUGCUUUAACGAACGCUCGUCUCUAUAGACCUGACUACAGUGAGGAUUUCAAUUUCUCACUGGGCGAGUCAUGUAUACACAUGGCUCGUCGAAAAAUAGCCAAGCUAAUAGGAGAUGUUCCGUCCGUUGAGGAUAUGUUGCGUCACUGCCGAUUUUCUGGCGGUGCUACAACAACGAAUAACCGUUCGUACAGUCAUCCGUCCUUCAAGUUUGCACUUCCGCAAGCGUGUACGCCUCGGGCUUUGAAGUAUGUUUUAGCUCUCAGAGCUUCUACACAUUUCGAUAUCAGAAUUUCUGAUAUUAGCCCUUUUAAUGAAGCAGUUACCGUACCUAAGAACAGUAAGACAGAUCGUUGUAUUGCUAUCGAACCUGGUUGGAAUAUGUUUUUCCAACUGGGUAUCGGUGGCAUUCUACGCGAUCGGUUGCGUUGCUGGGGUAUCGAUCUGAAUGAUCAGACGAUAAAUCAGCGCCGCGCUCACGAAGGCUCCGUUACUAAUAACUUAGCAACGGUUGAUCUCUCAGCGGCAAGCGAUUCUAUGUCUCUUGCCCUCUGUGAGCUCUUAUUGCCCCGAGGCUGGUUUGAGGUUCUUAUGGACCUCAGAUCACCUAAGGGGCGAUUGCCUGACGGUAGUGUUGUUACCUACGAGAAGAUUUCUUCUAUGGGUAACGGUUACACAUUCGAGCUCGAGUCGCUUAUUUUUGCUUCUCUCGCUCGUUCCGUUUGUGAGAUACUGGACUUAGACUCGUCUGAGGUCACUGUUUACGGAGACGAUAUUAUUUUACCGUCCCGUGCAGUCCCUGCCCUCCGGGAAGUUUUUAAGUAUGUUGGUUUUACGACCAAUACUAAAAAGACUUUUUCCGAGGGGCCGUUCAGAGAGUCGUGCGGCAAGCACUACUAUUCUGGCGUAGAUGUUACUCCCUUUUACAUACGUCACCGUAUAGUGAGUCCUGCCGAUUUAAUACUGGUUUUGAAUAACCUAUAUCGGUGGGCCACUAUUGACGGCGUAUGGGAUCCUAGGGCCCAUUCUGUGCACCUCAAGUAUCGUAAGUUGCUGCCUAAACAGCUGCAACAUAAUACUAUACCUGACGGUUACGGUGAUGGUGCCCUCGUCGGAUCGGUCCUAAUCAAUCCUUUCGCGAAAAACCGCGGGUGGAUCCGGUACGUACCGGUGAUUACGGACCAUACAAGGGACCAAGAGCGCGCUGAGUUGGGGUCGUAUCUCUACGACCUCUUCUCGCGUUGUCUCUCGGAAAGUAACGAUGGGUUGCCUCUUAGGGGUCCAUCGGGUUGCGAUUUUGCUGAUCUAUUUGCCAUCGAUCAGCUUAUCUGUAGGAGUGAUCCUACGAAGAUAAGCAGGCCUACCGGUAAAUUCGAUAUACAGUACAUCGCGUGCUGUUGUUCGGGUUGUUGUUAGGCUUGCGGCCGCACUCGAGAGAUCUAGAGCAUCACGGUCGAACUCCCGUACGAGGUGCCCGCACCUCGUCCCCCCCUUCCGGGGGGGUCCCC
HL2-155,GGGAACCCCCCUUCGGGGGGUCACCUCGCGCAGCGGGCUACGCGAGGGAGCCACGCUGCGAAGCAGCGUGGUGGUUCUCGUGCGUUACCGAAACGCACGAAGGUCGCGCCUCUCCACGAGGCGUCACCAUGGGAGAGCGCAAAAGCGCUAGCCCGUGCUCUAGCUCUAGAAGGUCUCGAGAUCUCCUCUAGAGAUAAUUUUGUUUAACUCUAAGAAGGAGAUAUGCACAUGUCUAAGACAGCAUCUUCGCGUAACUCUUUCAGCGCACGAUUGCGCCGAGCCGCGAACACAAGAAUUGAGGCUGAAGGUAACCUCGCACUUUCCAUUGCCAACGAUUUACUGUUGGCCUAUGGUCAGUCGCCAUUUAACUCUGAGGCUGAGUGUAUUUCAUUCAGCCCGAGAUUCGACGGGACCCCGGAUGACUUUAGGAUAAAUUAUCUUAAAGCCGAGAUCAUGUCGAAGUAUGACGACUUCAGCCUAGGUAUUGAUACCGAAGCUGCUGCCUGGGAGAAGUUCCUGGCAGCAGAGGCUGAAUGUGCUUUAACGAACGCUCGUCUCUAUAGACCUGACUACAGUGAGGAUUUCAAUUUCUCACUGGGCGAGUCAUGUAUACACAUGGCUCGUCGAAAAAUAGCCAAGCUAAUAGGAGAUGUUCCGUCCGUUGAGGAUAUGUUGCGUCACUGCCGAUUUUCUGGCGGUGCUACAACAACGAAUAACCGUUCGUACAGUCAUCCGUCCUUCAAGUUUGCACUUCCGCAAGCGUGUACGCCUCGGGCUUUGAAGUAUGUUUUAGCUCUCAGAGCUUCUACACAUUUCGAUAUCAGAAUUUCUGAUAUUAGCCCUUUUAAUAAAGCAGUUACCGUACCUAAGAACAGUAAGACAGAUCGUUGUAUUGCUAUCGAACCUGGUUGGAAUAUGUUUUUCCAACUGGGUAUCGGUGGCAUUCUACGCGAUCGGUUGCGUCGCUGGGGUAUCGAUCUGAAUGAUCAGACGAUAAAUCAGCGCCGCGCUCACGAAGGCUCCGUUACUAAUAACUUAGCAACGGUUGAUCUCUCAGCGGCAAGCGAUUCUAUGUCUCUUGCCCUCUGUGAGCUCUUAUUGCCCCGAGGCUGGUUUGAGGUUCUUAUGGACCUCAGAUCACCUAAGGGGCGAUUGCCUGACGGUAGUGUUGUUACCUACGAGAAGAUUUCUUCUAUGGGUAACGGUUACACAUUCGAGCUCGAGUCGCUUAUUUUUGCUUCUCUCGCUCGUUCCGUUUGUGAGAUACUGGACUUAGACUCGUCUGAGGUCACUGUUUACGGAGACGAUAUUAUUUUACCGUCCCGUGCAGUCCCUGCCCUCCGGGAAGUUUUUAAGUAUGUUGGUUUUACGACCAAUACUAAAAAGACUUUUUCCGAGGGGCCGUUCAGAGAGUCGUGCGGCAAGCACUACUAUUCUGGCGUAGAUGUUACUCCCUUUUACAUACGUCACCGUAUAGUGAGUCCUGCCGAUUUAAUACUGGUUUUGAAUAACCUAUAUCGGUGGGCCACUAUUGACGGCGUAUGGGAUCCUAGGGCCCAUUCUGUGCACCUCAAGUAUCGUAAGUUGCUGCCUAAACAGCUGCAACAUAAUACUAUACCUGACGGUUACGGUGAUGGUGCCCUCGUCGGAUCGGUCCUAAUCAAUCCUUUCGCGGAAAACCGCGGGUGGAUCCGGUACGUACCGGUGAUUACGGACCAUACAAGGGACCAAGAGCGCGCUGAGUUGGGGUCGUAUCUCUACGACCUCUUCUCGCGUUGUCUCUCGGAAAGUAACGAUGGGUUGCCUCUUAGGGGUCCAUCGGGUUGCGAUUUUGCUGAUCUAUUUGCCAUCGAUCAGCUUAUCUGUAGGAGUGAUCCUACGAAGAUAAGCAGGCCUACCGGUAAAUUCGAUAUACAGUACAUCGCGUGCUGUUGUUCGGGUUGUCGUUAGGCUUGCGGCCGCACUCGAGAGAUCUAGAGCAUCACGGUCGAACUCCCGUACGAGGUGCCCGCACCUCGUCCCCCCCUUCCGGGGGGGUCCCC
HL2-228,GGGAACCCCCCUUCGGGGGGUCACCUCGCGCAGCGGGCUACGCGAGGGAGCCACGCUGCGAAGCAGCGUGGUGGUUCUCGUGCGUUACCGAAACGCACGAAGGUCGCGCCUCUCCACGAGGCGUCACCAUGGGAGAGCGCAAAAGCGCUAGCCCGUGCUCUAGCUCUAGAAGGUCUCGAGAUCUCCUCUAGAGAUAAUUUUGUUUAACUCUAAGAAGGAGAUAUGCACAUGUCUAAGACAGCAUCUUCGCGUAACUCUUUCAGCGCACGAUUGCGCCGAGCCGCGAACACAAGAAUUGAGGCUGAAGGUAACCUCGCACUUUCCAUUGCCAACGAUUUACUGUUGGCCUAUGGUCAGUCGCCAUUUAACUCUGAGGCUGAGUGUAUUUCAUUCAGCCCGAGAUUCGACGGGACCCCGGAUGACUUUAGGAUAAAUUAUCUUAAAGCCGAGAUCAUGUCGAAGUAUGACGACUUCAGCCUAGGUAUUGAUACCGAAGCUGUUGCCUGGGAGAAGUUCCUGGCAGCAGAGGCUGAAUGUGCUUUAACGAACGCUCGUCUCUAUAGACCUGACUACAGUGAGGAUUUCAAUUUCUCACUGGGCGAGUCAUGUAUACACAUGGCUCGUCGAAAAAUAGCCAAGCUAAUAGGAGAUGUUCCGUCCGUUGAGGAUAUGUUGCGUCACUGCCGAUUUUCUGGCGGUGCUACAACAACGAAUAACCGUUCGUACAGUCAUCCGUCCUUCAAGUUUGCACUUCCGCAAGCGUGUACGCCUCGGGCUUUGAAGUAUGUUUUAGCUCUCAGAGCUUCUACACAUUUCGAUAUCAGAAUUUCUGAUAUUAGCCCUUUUAAUAAAGCAGUUACCGUACCUAAGAACAGUAAGACAGAUCGUUGUAUUGCUAUCGAACCUGGUUGGAAUAUGUUUUUCCAACUGGGUAUCGGUGGCAUUCUACGCGAUCGGUUGCGUUGCUGGGGUAUCGAUCUGAAUGAUCAGACGAUAAAUCAGCGCCGCGCUCACGAAGGCUCCGUUACUAAUAACUUAGCAACGGUUGAUCUCUCAGCGGCAAGCGAUUCUAUGUCUCUUGCCCUCUGUGAGCUCUUAUUGCCCCGAGGCUGGUUUGAGGUUCUUAUGGACCUCAGAUCACCUAAGGGGCGAUUGCCUGACGGUAGUGUUGUUACCUACGAGAAGAUUUCUUCUAUGGGUAACGGUUACACAUUCGAGCUCGAGUCGCUUAUUUUUGCUUCUCUCGCUCGUUCCGUUUGUGAGAUACUGGACUUAGACUCGUCUGAGGUCACUGUUUACGGAGACGAUAUUAUUUUACCGUCCCGUGCAGUCCCUGCCCUCCGGGAAGUUUUUAAGUAUGUUGGUUUUACGACCAAUACUAAAAAGACUUUUUCCGAGGGGCCGUUCAGAGAGUCGUGCGGCAAGCACUACUAUUCUGGCGUAGAUGUUACUCCCUUUUACAUACGUCACCGUAUAGUGAGUCCUGCCGAUUUAAUACUGGUUUUGAAUAACCUAUAUCGGUGGGCCACUAUUGACGGCGUAUGGGAUCCUAGGGCCCAUUCUGUGCACCUCAAGUAUCGUAAGUUGCUGCCUAAACAGCUGCAACAUAAUACUAUACCUGACGGUUACGGUGAUGGUGCCCUCGUCGGAUCGGUCCUAGUCAAUCCUUUCGCGGAAAACCGCGGGUGGAUCCGGUACGUACCGGUGAUUACGGACCAUACAAGGGACCAAGAGCGCGCUGAGUUGGGGUCGUAUCUCUACGACCUCUUCUCGCGUUGUCUCUCGGAAAGUAACGAUGGGUUGCCUCUUAGGGGUCCAUCGGGUUGCGAUUUUGCUGAUCUAUUUGCCAUCGAUCAGCUUAUCUGUAGGAGUGAUCCUACGAAGAUAAGCAGGCCUACCGGUAAAUUCGAUAUACAGUACAUCGCGUGCUGUUGUUCGGGUUGCUGUUAGGCUUGCGGCCGCACUCGAGAGAUCUAGAGCAUCACGGUCGAACUCCCGUACGAGGUGCCCGCACCUCGUCCCCCCCUUCCGGGGGGGUCCCC
HL3-155,GGGAACCCCCCUUCGGGGGGUCACCUCGCGCAGCGGGCUACGCGAGGGAGCCACGCUGCGAAGCAGCGUGGUGGUUCUCGUGCGUUACCGAAACGCACGAAGGUCGCGCCUCUCCACGAGGCGUCACCAUGGGAGAGCGCAAAAGCGCUAGCCCGUGCUCUAGCUCUAGAAGGUCUCGAGAUCUCCUCUAGAGAUAAUUUUGUUUAACUCUAAGAAGGAGAUAUGCACAUGUCUAAGACAGCAUCUUCGCGUAACUCUUUCAGCGCACGAUUGCGCCGAGCCGCGAACACAAGAAUUGAGGCUGAAGGUAACCUCGCACUUUCCAUUGCCAACGAUUUACUGUUGGCCUAUGGUCAGUCGCCAUUUAACUCUGAGGCUGAGUGUAUUUCAUUCAGCCCGAGAUUCGACGGGACCCCGGAUGACUUUAGGAUAAAUUAUCUUAAAGCCGAGAUCAUGUCGAAGUAUGACGACUUCAGCCUAGGUAUUGAUACCGAAGCUGUUGCCUGGGAGAAGUUCCUGGCAGCAGAGGCUGAAUGUGCUUUAACGAACGCUCGUCUCUAUAGACCUGACUACAGUGAGGAUUUCAAUUUCUCACUGGGCGAGUCAUGUAUGGACAUGGCUCGUCGAAAAAUAGCCAAGCUAAUAGGAGAUGUUCCGUCCGUUGAGGAUAUGUUGCGUCACUGCCGAUUUUCUGGCGGUGCUACAACAACGAAUAACCGUUCGUACAGUCAUCCGUCCUUCAAGUUUGCACUUCCGCAAGCGUGUACGCCUCGGGCUUUGAAGUAUGUUUUAGCUCUCAGAGCUUCUACACAUUUCGAUAUCAGAAUUUCUGAUAUUAGCCCUUUUAAUAAAGCGGUUACCGUACCUAAGAACAGUAAGACAGAUCGUUGUAUUGCUAUCGAACCUGGUUGGAAUAUGUUUUUCCAACUGGGUAUCGGUGGCAUUCUACGCGAUCGGUUGCGUUGCUGGGGUAUCGAUCUGAAUGAUCAGACGAUAAAUCAGCGCCGCGCUCACGAAGGCUCCGUUACUAAUAACUUAGCAACGGUUGAUCUCUCAGCGGCAAGCGAUUCUAUGUCUCUUGCCCUCUGCGAGCUCUUAUUGCCCCGAGGCUGGUUUGAGGUUCUUAUGGACCUCAGAUCACCUAAGGGGCGAUUGCCUGACGGUAGUGUUGUUACCUACGAGAAGAUUUCUUCUAUGGGUAACGGUUACACAUUCGAGCUCGAGUCGCUUAUUUUUGCUUCUCUCGCUCGUUCCGUUUGUGAGAUACUGGACUUAGACUCGUCUGAGGUCACUGUUUACGGAGACGAUAUUAUUUUACCGUCCCGUGCAGUCCCUGCCCUCCGGGAAGUUUUUAAGUAUGUUGGUUUUACGACCAAUACUAAAAAGACUUUUUCCGAGGGGCCGUUCAGAGAGUCGUGCGGCAAGCACUACUAUUCUGGCGUAGAUGUUACUCCCUUUUACAUACGUCACCGUAUAGUGAGUCCUGCCGAUUUAAUACUGGUUUUGAAUAACCUAUAUCGGUGGGCCACUAUUGACGGCGUAUGGGAUCCUAGGGCCCAUUCUGUGCACCUCAAGUAUCGUAAGUUGCUGCCUAAACAGCUGCAACAUAAUACUAUACCUGACGGUUACGGUGAUGGUGCCCUCGUCGGAUCGGUCCUAACCAAUCCUUUCGCGGAAAACCGCGGGUGGAUCCGGUACGUACCGGUGAUUACGGACCAUACAAGGGACCAAGAGCGCGCUGAGUUGGGGUCGUAUCUCUACGACCUCUUCUCGCGUUGUCUCUCGGAAAGUAACGAUGGGUUGCCUCUUAGGGGUCCAUCGGGUUGCGAUUUUGCUGAUCUAUUUGCCAUCGAUCAGCUUAUCUGUAGGAGUGAUCCUACGAAGAUAAGCAGGCCUACCGGUAAAUUCGAUAUACAGUACAUCGCGUGCUGUUGUUCGGGUUGUUGUUAGGCUUGCGGCCGCACUCGAGAGAUCUAGAGCAUCACGGUCGAACUCCCGUACGAGGUGCCCGCACCUCGUCCCCCCCUUCCGGGGGGGUCCCC
HL3-228,GGGAACCCCCCUUCGGGGGGUCACCUCGCGCAGCGGGCUACGCGAGGGAGCCACGCUGCGAAGCAGCGUGGUGGUUCUCGUGCGUUACCGAAACGCACGAAGGUCGCGCCUCUCCGCGAGGCGUCACCAUGGGAGAGCGCAAAAGCGCUAGCCCGUGCUCUAGCUCUAGAAGGUCUCGAGAUCUCCUCUAGAGAUAAUUUUGUUUAAUUCUAAGAAGGAGAUAUGCACAUGCCUAAGACAGCAUCUUCGCGUAACUCUUUCAGCGCACGAUUGCGCCGAGCCGCGAACACAAGAAUUGAGGCUGAAGGUAACCUCGCACUUUCCAUUGCCAACGACUUACUGUUGGCCUAUGGUCAGUCGCCAUUUAACUCUGAGGCUGAGUGUAUUUCAUUCAGCCCGAGAUUCGACGGGACCCCGGAUGACUUUAGGAUAAAUUAUCUUAAAGCCGAGAUCAUGUCGAAGUAUGACGACUUCAGCCUAGGUAUUGAUACCGAAGCUGUUGCCUGGGAGAAGUUCCUGGCAGCAGAGGCUGAAUGUGCUUUAACGAACGCUCGUCUCUAUAGACCUGACUACAGUGAGGAUUUCAAUUUCUCACUGGGCGAGUCAUGUAUGGACAUGGCUCGUCGAAAAAUAGCCAAGCUAAUAGGAGAUGUUCCGUCCGUUGAGGAUAUGUUGCGUCACUGCCGAUUUUCUGGCGGUGCUACAACAACGAAUAACCGUUCAUACAGUCAUCCGUCCUUCAAGUUUGCACUUCCGCAAGCGUGUACGCCUCGGGCUUUGAAGUAUGUUUUAGCUCUCAGAGCUUCUACACAUUUCGAUAUCAGAAUUUCUGAUAUUAGCCCUUUUAAUAAAGCGGUUACCGUACCUAAGAACAGUAAGACAGAUCGUUGUAUUGCUAUCGAACCUGGUUGGAAUAUGUUUUUCCAACUGGGUAUCGGUGGCAUUCUACGCGAUCGGUUGCGUUGCUGGGGUAUCGAUCUGAAUGAUCAGACGAUAAAUCAGCGCCGCGCUCACGAAGGCUCCGUUACUAAUAACUUAGCAACGGUUGAUCUCUCAGCGGCAAGCGAUUCUAUGUCUCUUGCCCUCUGCGAGCUCUUAUUGCCCCGAGGCUGGUUUGAGGUUCUUAUGGACCUCAGAUCACCUAAGGGGCGAUUGCCUGACGGUAGUGUUGUUACCUACGAGAAGAUUUCUUCUAUGGGUAACGGUUACACAUUCGAGCUCGAGUCGCUUAUUUUUGCUUCUCUCGCUCGUUCCGUUUGUGAGAUACUGGACUUAGACUCGUCUGAGGUCACUGUUUACGGAGACGAUAUUAUUUUACCGUCCCGUGCAGUCCCUGCCCUCCGGGAAGUUUUUAAGUAUGUUGGUUUUACGACCAAUACUAAAAAGACUUUUUCCGAGGGGCCGUUCAGAGAGUCGUGCGGCAAGCACUACUAUUCUGGCGUAGAUGUUACUCCCUUUUACAUACGUCACCGUAUAGUGAGUCCUGCCGAUUUAAUACUGGUUUUGAAUAACCUAUAUCGGUGGGCCACUAUUGACGGCGUAUGGGAUCCUAGGGCCCAUUCUGUGCACCUCAAGUAUCGUAAGUUGCUGCCUAAACAGCUGCGACAUAAUACUAUACCUGACGGUUACGGUGAUGGUGCCCUCGUCGGAUCGGUCCUAACCAAUCCUUUCGCGGAAAACCGCGGGUGGAUCCGGUACGUACCGGUGAUUACGGACCAUACAAGGGACCAAGAGCGCGCUGAGUUGGGGUCGUAUCUCUACGACCUCUUCUCGCGUUGUCUCUCGGAAAGUAACGAUGGGUUGCCUCUUAGGGGUCCAUCGGGUUGCGAUUUUGCUGAUCUAUUUGCCAUCGAUCAGCUUAUCUGUAGGAGUGAUCCUACGAAGAUAAGCAGGCCUACCGGUAAAUUCGAUAUACAGUACAUCGCGUGCUGUUGUUCGGGUUGUUGUUAGGCUUGCGGCCGCACUCGAGAGAUCUAGAGCAUCACGGUCGAACUCCCGUACGAGGUGCCCGCACCUCGUCCCCCCCUUCCGGGGGGGUCCCC
PL2-120,GGGAACCCCCCUUCGGGGGGUCACCUCGCGCAGCGGGCUACGCGAGGGAGCCACGCUGCGAAGCAGCGUGGUGGUUCUCGUGCGUUACCGAAACGCACGAAGGUCGCGCCUCUCCACGAGGCGUCACCAUGGGAGAGCGCAAAAGCGCUAGCCCGUGCUCUAGCUCUAGAAGGUCUCCGGCUGAAUGUGCUUUAACGAACGCUCGUCUCUAUAGACCUGACUACAGUGAGGAUUUCAAUUUCUCACUGGGCGAGUCAUGUAUACACAUGGCUCGUCGAAAAAUAGCCAAGCUAAUAGGAGAUGUUCCGUCCGUUGAGGAUAUGUUGCGUCACUGCCGAUUUCCUGGCGGUGCUACAACAACGAAUAACCGUUCGUACAGUCAUCCGUCCUUCAAGUUUGCACUUCCGCAAGCGUGUAUGUUAGGCUUGCGGCCGCACUCGAGAGAUCUAGAGCAUCACGGUCGAACUCCCGUACGAGGUGCCCGCACCUCGUCCCCCCCUUCCGGGGGGGUCCCC
PL2-155,GGGAACCCCCCUUCGGGGGGUCACCUCGCGCAGCGGGCUACGCGAGGGAGCCACGCUGCGAAGCAGCGUGGUGGUUCUCGUGCGUUACCGAAACGCACGAAGGUCGCGCCUCUCCACGAGGCGUCACCAUGGGAGAGCGCAAAAGCGCUAGCCCGUGCUCUAGCUCUAGAAGGUCUCCGGCUGAAUGUGCUUUAACGAACGCUCGUCUCUAUAGACCUGACUACAGUGAGGAUUUCAAUUUCUCACUGGGCGAGUCAUGAAUACACAUGGCUCGUCGAAAAAUAGCCAAGCUAAUAGGAGAUGUUCCGUCCGUUGAGGAUAUGUUGCGUCACUGCCGAUUUCCUGGCGGUGCUACAACAACGAAUAACCGUUCGUACAGUCAUCCGUCCUUCAAGUUUGCACUUCCGCAAGCGCGUUGUUAGGCUUGCGGCCGCACUCGAGAGAUCUAGAGCAUCACGGUCGAACUCCCGUACGAGGUGCCCGCACCUCGUCCCCCCCUUCCGGGGGGGUCCCC
PL2-228,GGGAACCCCCCUUCGGGGGGUCACCUCGCGCAGCGGGCUACGCGAGGGAGCCACGCUGCGAAGCAGCGUGGUGGUUCUCGUGCGUUAUCGAAACACACGAAGGUCGCGCCUCUCCACGAGGCGUCACCAUGGGAGAGCGCAAAAGCGCUAGCCCGUGCUCUAGCUCUAGAAAGUCUCCGGCUGAAUGUGCUUUAACGAACGCUCGUCUCUAUAGACCUGACUACAGUGAGGAUUUCAAUUUCUCACUGGGCGAGUCAUGAAUACACAUGGCUCGUCGAAAAAUAGCCAAGCUAAUAGGAGAUGUUCCGUCCGUUGAGGAUAUGUUGCGUCACUGCCGAUUUCCUGGCGGUGCUACAACAACGAAUAACCGUUCGUACAGUCAUCCGUCCUUCAAGUUUGCACUUCCGCAAGCGUGUUGUUAGGCUUGCGGCCGCACUUGAGAGAUCUAGAGCAUCACGGUCGAACUCCCGUACGAGGUGCCCGCACCUCGUCCCCCCCUUCCGGGGGGGUCCCC
PL3-228,GGGAACCCCCCUUCGGGGGGUCACCUCGCGCAGCGGGCUACGCGAGGGAGCCACGCUGCGAAGCAGCGUGGUGGUUCUCGUGCGUUAUCGAAACACACGAAGGUCGCGCCUCUCCGCGAGGCGUCACCAUGGGAGAGCGCAAAAGCGCUAGCCCGUGCUCUAGCUCUAGAAAGUCUCCGGCUGGAUGUGCUUUAACGAACGCUCGUCUCUAUAGACCUGACUACAGUGAGGAUUUUAUUUUCUCGCUGGGCGAGUCAUGAAUACACAUGGCUCGUCGAAAAAUAGCCAAGCUAAUAGGAGAUGUUCCGUCCGUUGAAGAUAUGUUGCGUCACUGCCGAUUUCCUGGCGGUGCUACAACAACGAAUAACCGUUCGUACAGUCAUCCGUCCUUCAAGUUUGCACUUCCGCAAGCGUGUUGUUAGGCUUGCGGCCGCACUUGAGAGAUCUAGAGCAUCACGGUCGAACUCCCGUACGAGGUGCCCGCACCUCGUCCCCCCCUUCCGGGGGGGUCCCC
